id,treat,time,event,t_event
1,0,1,1,1
2,0,2,1,2
3,0,3,1,3
4,0,7,1,7
5,0,1,1,1
6,0,2,1,2
7,0,7,1,7
8,0,1,1,1
9,0,2,1,2
10,0,2,0,3
11,0,7,1,7
12,0,1,1,1
13,0,3,1,3
14,0,7,1,7
15,0,1,1,1
16,0,2,1,2
17,0,4,1,4
18,0,7,1,7
19,0,1,1,1
20,0,2,0,3
21,0,7,1,7
22,0,1,1,1
23,0,2,1,2
24,0,4,1,4
25,0,2,0,7
26,0,1,1,1
27,0,3,1,3
28,0,7,1,7
29,0,1,1,1
30,0,2,1,2
31,0,4,1,4
32,0,7,1,7
33,0,1,1,1
34,0,3,1,3
35,0,2,0,7
36,0,1,1,1
37,0,2,1,2
38,0,4,1,4
39,0,7,1,7
40,0,1,1,1
41,0,3,1,3
42,0,7,1,7
43,0,1,1,1
44,0,2,1,2
45,0,2,0,4
46,0,7,1,7
47,0,1,1,1
48,0,3,1,3
49,0,7,1,7
50,0,1,1,1
51,0,2,1,2
52,0,4,1,4
53,0,7,1,7
54,0,1,1,1
55,0,2,0,3
56,0,7,1,7
57,0,1,1,1
58,0,2,1,2
59,0,4,1,4
60,0,2,0,7
61,0,2,1,2
62,0,3,1,3
63,0,7,1,7
64,0,1,1,1
65,0,2,1,2
66,0,4,1,4
67,0,7,1,7
68,0,2,1,2
69,0,3,1,3
70,0,2,0,7
71,0,1,1,1
72,0,2,1,2
73,0,7,1,7
74,0,7,1,7
75,0,2,1,2
76,0,3,1,3
77,0,7,1,7
78,0,1,1,1
79,0,2,1,2
80,0,2,0,7
81,1,1,1,1
82,1,3,1,3
83,1,7,1,7
84,1,7,1,7
85,1,2,1,2
86,1,7,1,7
87,1,7,1,7
88,1,1,1,1
89,1,4,1,4
90,1,2,0,7
91,1,7,1,7
92,1,2,1,2
93,1,7,1,7
94,1,7,1,7
95,1,1,1,1
96,1,4,1,4
97,1,7,1,7
98,1,7,1,7
99,1,2,1,2
100,1,2,0,7
101,1,7,1,7
102,1,1,1,1
103,1,4,1,4
104,1,7,1,7
105,1,2,0,7
106,1,2,1,2
107,1,7,1,7
108,1,7,1,7
109,1,1,1,1
110,1,2,0,4
111,1,7,1,7
112,1,7,1,7
113,1,2,1,2
114,1,7,1,7
115,1,2,0,7
116,1,1,1,1
117,1,7,1,7
118,1,7,1,7
119,1,7,1,7
120,1,2,1,2
121,1,7,1,7
122,1,7,1,7
123,1,1,1,1
124,1,7,1,7
125,1,2,0,7
126,1,7,1,7
127,1,3,1,3
128,1,7,1,7
129,1,7,1,7
130,1,1,1,1
131,1,7,1,7
132,1,7,1,7
133,1,7,1,7
134,1,3,1,3
135,1,2,0,7
136,1,7,1,7
137,1,1,1,1
138,1,7,1,7
139,1,7,1,7
140,1,2,0,7
141,1,3,1,3
142,1,7,1,7
143,1,7,1,7
144,1,1,1,1
145,1,2,0,7
146,1,7,1,7
147,1,7,1,7
148,1,3,1,3
149,1,7,1,7
150,1,2,0,7
151,1,2,1,2
152,1,7,1,7
153,1,7,1,7
154,1,7,1,7
155,1,2,0,3
156,1,7,1,7
157,1,7,1,7
158,1,2,1,2
159,1,7,1,7
160,1,2,0,7
